-- ============================================================
-- Seed: Formaciones, Equipos, Temporadas y Planteles
-- ============================================================

-- ─── FORMATIONS ────────────────────────────────────────────

INSERT INTO formations (id, name) VALUES
  ('f1000000-0000-0000-0000-000000000001', '4-3-3'),
  ('f1000000-0000-0000-0000-000000000002', '4-4-2');

INSERT INTO formation_slots (formation_id, slot_index, position_code, x_percent, y_percent) VALUES
  -- 4-3-3
  ('f1000000-0000-0000-0000-000000000001', 0,  'GK', 0.50, 0.05),
  ('f1000000-0000-0000-0000-000000000001', 1,  'CB', 0.35, 0.22),
  ('f1000000-0000-0000-0000-000000000001', 2,  'CB', 0.50, 0.22),
  ('f1000000-0000-0000-0000-000000000001', 3,  'LB', 0.20, 0.22),
  ('f1000000-0000-0000-0000-000000000001', 4,  'RB', 0.80, 0.22),
  ('f1000000-0000-0000-0000-000000000001', 5,  'CM', 0.35, 0.48),
  ('f1000000-0000-0000-0000-000000000001', 6,  'CM', 0.50, 0.48),
  ('f1000000-0000-0000-0000-000000000001', 7,  'CM', 0.65, 0.48),
  ('f1000000-0000-0000-0000-000000000001', 8,  'LW', 0.20, 0.72),
  ('f1000000-0000-0000-0000-000000000001', 9,  'ST', 0.50, 0.78),
  ('f1000000-0000-0000-0000-000000000001', 10, 'RW', 0.80, 0.72),
  -- 4-4-2
  ('f1000000-0000-0000-0000-000000000002', 0,  'GK', 0.50, 0.05),
  ('f1000000-0000-0000-0000-000000000002', 1,  'CB', 0.38, 0.22),
  ('f1000000-0000-0000-0000-000000000002', 2,  'CB', 0.62, 0.22),
  ('f1000000-0000-0000-0000-000000000002', 3,  'LB', 0.18, 0.22),
  ('f1000000-0000-0000-0000-000000000002', 4,  'RB', 0.82, 0.22),
  ('f1000000-0000-0000-0000-000000000002', 5,  'LM', 0.18, 0.48),
  ('f1000000-0000-0000-0000-000000000002', 6,  'CM', 0.38, 0.48),
  ('f1000000-0000-0000-0000-000000000002', 7,  'CM', 0.62, 0.48),
  ('f1000000-0000-0000-0000-000000000002', 8,  'RM', 0.82, 0.48),
  ('f1000000-0000-0000-0000-000000000002', 9,  'ST', 0.38, 0.76),
  ('f1000000-0000-0000-0000-000000000002', 10, 'ST', 0.62, 0.76);

-- ─── TEAMS ─────────────────────────────────────────────────

INSERT INTO teams (id, name, short_name, badge_url, primary_color, secondary_color, city, founded_year, is_active) VALUES
  ('a1000000-0000-0000-0000-000000000001', 'Sporting Cristal',     'Cristal',   '', '#002366', '#FFD700', 'Lima',      1943, true),
  ('a1000000-0000-0000-0000-000000000002', 'Alianza Lima',         'Alianza',   '', '#002366', '#FFFFFF', 'Lima',      1901, true),
  ('a1000000-0000-0000-0000-000000000003', 'Universitario de Deportes', 'Universitario', '', '#B22222', '#005F9E', 'Lima', 1924, true),
  ('a1000000-0000-0000-0000-000000000004', 'Melgar',               'Melgar',    '', '#C8102E', '#FFFFFF', 'Arequipa',  1915, true),
  ('a1000000-0000-0000-0000-000000000005', 'Cienciano',             'Cienciano', '', '#FF0000', '#FFFFFF', 'Cusco',     1901, true),
  ('a1000000-0000-0000-0000-000000000006', 'Deportivo Municipal',  'Municipal', '', '#008000', '#FFFFFF', 'Lima',      1935, true),
  ('a1000000-0000-0000-0000-000000000007', 'Univ. César Vallejo',  'Vallejo',   '', '#800080', '#FFD700', 'Trujillo',  1996, true);

-- ─── SEASONS ───────────────────────────────────────────────

INSERT INTO seasons (id, team_id, year, league, title_won, is_available_for_draw) VALUES
  ('b1000000-0001-0000-0000-000000000001', 'a1000000-0000-0000-0000-000000000001', 1997, 'Descentralizado', true,  true),
  ('b1000000-0001-0000-0000-000000000002', 'a1000000-0000-0000-0000-000000000001', 2012, 'Descentralizado', true,  true),
  ('b1000000-0001-0000-0000-000000000003', 'a1000000-0000-0000-0000-000000000001', 2023, 'Liga 1',          false, true),
  ('b1000000-0002-0000-0000-000000000001', 'a1000000-0000-0000-0000-000000000002', 1978, 'Descentralizado', true,  true),
  ('b1000000-0002-0000-0000-000000000002', 'a1000000-0000-0000-0000-000000000002', 2022, 'Liga 1',          true,  true),
  ('b1000000-0003-0000-0000-000000000001', 'a1000000-0000-0000-0000-000000000003', 2009, 'Descentralizado', true,  true),
  ('b1000000-0003-0000-0000-000000000002', 'a1000000-0000-0000-0000-000000000003', 2023, 'Liga 1',          false, true),
  ('b1000000-0004-0000-0000-000000000001', 'a1000000-0000-0000-0000-000000000004', 2022, 'Liga 1',          false, true),
  ('b1000000-0005-0000-0000-000000000001', 'a1000000-0000-0000-0000-000000000005', 2003, 'Descentralizado', false, true),
  ('b1000000-0005-0000-0000-000000000002', 'a1000000-0000-0000-0000-000000000005', 2004, 'Descentralizado', false, true),
  ('b1000000-0006-0000-0000-000000000001', 'a1000000-0000-0000-0000-000000000006', 1994, 'Descentralizado', false, true),
  ('b1000000-0007-0000-0000-000000000001', 'a1000000-0000-0000-0000-000000000007', 2016, 'Descentralizado', false, true);

-- ─── PLAYERS + SQUAD_PLAYERS ───────────────────────────────

-- Helper: generate_players inserts a player and returns the ID via a temp table.
-- We use DO blocks with explicit IDs for readability.

-- ======= SPORTING CRISTAL 1997 =======

INSERT INTO players (id, name, display_name, nationality, birth_year) VALUES
  ('c1a00001-0000-0000-0000-000000000001', 'Julio César Valdivia',     'Julio Valdivia',   'PE', 1975),
  ('c1a00001-0000-0000-0000-000000000002', 'Rafael Quesada',           'Rafael Quesada',   'PE', 1971),
  ('c1a00001-0000-0000-0000-000000000003', 'Miguel Rebosio',           'Rebosio',          'PE', 1976),
  ('c1a00001-0000-0000-0000-000000000004', 'Manuel Marengo',           'Manuel Marengo',   'PE', 1970),
  ('c1a00001-0000-0000-0000-000000000005', 'Jorge Soto',               'Jorge Soto',       'PE', 1971),
  ('c1a00001-0000-0000-0000-000000000006', 'Marcelo Asteggiano',       'Asteggiano',       'ARG', 1972),
  ('c1a00001-0000-0000-0000-000000000007', 'Roberto Palacios',         'Chorri',           'PE', 1972),
  ('c1a00001-0000-0000-0000-000000000008', 'Julio Rivera',             'Julio Rivera',     'PE', 1969),
  ('c1a00001-0000-0000-0000-000000000009', 'Nolberto Solano',          'Ñol',              'PE', 1974),
  ('c1a00001-0000-0000-0000-000000000010', 'Julinho',                  'Julinho',          'BRA', 1970),
  ('c1a00001-0000-0000-0000-000000000011', 'Jorge Arteaga',            'Jorge Arteaga',    'PE', 1966),
  ('c1a00001-0000-0000-0000-000000000012', 'Germán Carty',             'Germán Carty',     'PE', 1968),
  ('c1a00001-0000-0000-0000-000000000013', 'Luis Molina',              'Luis Molina',      'PE', 1973),
  ('c1a00001-0000-0000-0000-000000000014', 'Pedro Garay',              'Pedro Garay',      'PE', 1970),
  ('c1a00001-0000-0000-0000-000000000015', 'Carlos Zegarra',           'Carlos Zegarra',   'PE', 1977),
  ('c1a00001-0000-0000-0000-000000000016', 'Juan Carlos Bazalar',      'Bazalar',          'PE', 1968),
  ('c1a00001-0000-0000-0000-000000000017', 'Francisco Portillo',       'Portillo',         'PE', 1973),
  ('c1a00001-0000-0000-0000-000000000018', 'Giancarlo Maldonado',      'Maldonado',        'PE', 1978);

INSERT INTO squad_players (season_id, player_id, rating, positions, jersey_number, is_key_player) VALUES
  ('b1000000-0001-0000-0000-000000000001', 'c1a00001-0000-0000-0000-000000000001', 78, ARRAY['GK'],                        1, false),
  ('b1000000-0001-0000-0000-000000000001', 'c1a00001-0000-0000-0000-000000000002', 80, ARRAY['GK'],                        12, false),
  ('b1000000-0001-0000-0000-000000000001', 'c1a00001-0000-0000-0000-000000000003', 82, ARRAY['CB'],                        2, false),
  ('b1000000-0001-0000-0000-000000000001', 'c1a00001-0000-0000-0000-000000000004', 78, ARRAY['CB'],                        3, false),
  ('b1000000-0001-0000-0000-000000000001', 'c1a00001-0000-0000-0000-000000000005', 84, ARRAY['RB', 'CB'],                  4, true),
  ('b1000000-0001-0000-0000-000000000001', 'c1a00001-0000-0000-0000-000000000006', 80, ARRAY['LB', 'CB'],                  5, false),
  ('b1000000-0001-0000-0000-000000000001', 'c1a00001-0000-0000-0000-000000000007', 88, ARRAY['CM', 'CAM'],                10, true),
  ('b1000000-0001-0000-0000-000000000001', 'c1a00001-0000-0000-0000-000000000008', 82, ARRAY['CM', 'CDM'],                 6, false),
  ('b1000000-0001-0000-0000-000000000001', 'c1a00001-0000-0000-0000-000000000009', 86, ARRAY['RM', 'CM', 'LM'],           11, true),
  ('b1000000-0001-0000-0000-000000000001', 'c1a00001-0000-0000-0000-000000000010', 83, ARRAY['CAM', 'LW'],                  8, false),
  ('b1000000-0001-0000-0000-000000000001', 'c1a00001-0000-0000-0000-000000000011', 80, ARRAY['CM'],                        7, false),
  ('b1000000-0001-0000-0000-000000000001', 'c1a00001-0000-0000-0000-000000000012', 81, ARRAY['ST'],                        9, false),
  ('b1000000-0001-0000-0000-000000000001', 'c1a00001-0000-0000-0000-000000000013', 79, ARRAY['ST', 'CF'],                 14, false),
  ('b1000000-0001-0000-0000-000000000001', 'c1a00001-0000-0000-0000-000000000014', 77, ARRAY['LM', 'LW'],                 15, false),
  ('b1000000-0001-0000-0000-000000000001', 'c1a00001-0000-0000-0000-000000000015', 79, ARRAY['CB', 'CDM'],                16, false),
  ('b1000000-0001-0000-0000-000000000001', 'c1a00001-0000-0000-0000-000000000016', 81, ARRAY['CDM', 'CM'],                 17, false),
  ('b1000000-0001-0000-0000-000000000001', 'c1a00001-0000-0000-0000-000000000017', 76, ARRAY['RB', 'LB'],                 18, false),
  ('b1000000-0001-0000-0000-000000000001', 'c1a00001-0000-0000-0000-000000000018', 75, ARRAY['ST', 'RW'],                 19, false);

-- ======= SPORTING CRISTAL 2012 =======

INSERT INTO players (id, name, display_name, nationality, birth_year) VALUES
  ('c1a00002-0000-0000-0000-000000000001', 'Diego Penny',              'Diego Penny',      'PE', 1984),
  ('c1a00002-0000-0000-0000-000000000002', 'Eduardo Gutiérrez',        'Edu Gutiérrez',    'PE', 1981),
  ('c1a00002-0000-0000-0000-000000000003', 'Néstor Duarte',            'Néstor Duarte',    'PE', 1990),
  ('c1a00002-0000-0000-0000-000000000004', 'Yoshimar Yotún',           'Yotún',            'PE', 1990),
  ('c1a00002-0000-0000-0000-000000000005', 'Renzo Revoredo',           'Revoredo',         'PE', 1988),
  ('c1a00002-0000-0000-0000-000000000006', 'Luis Advíncula',           'Luis Advíncula',   'PE', 1990),
  ('c1a00002-0000-0000-0000-000000000007', 'Carlos Lobatón',           'Lobatón',          'PE', 1980),
  ('c1a00002-0000-0000-0000-000000000008', 'Rinaldo Cruzado',          'Cruzado',          'PE', 1984),
  ('c1a00002-0000-0000-0000-000000000009', 'Juan Carlos Mariño',       'Mariño',           'PE', 1982),
  ('c1a00002-0000-0000-0000-000000000010', 'Irven Ávila',              'Ávila',            'PE', 1990),
  ('c1a00002-0000-0000-0000-000000000011', 'Hernán Rengifo',           'Rengifo',          'PE', 1983),
  ('c1a00002-0000-0000-0000-000000000012', 'Mauro Guevgeozián',        'Guevgeozián',      'ARM', 1986),
  ('c1a00002-0000-0000-0000-000000000013', 'Marcos Delgado',           'Marcos Delgado',   'PE', 1988),
  ('c1a00002-0000-0000-0000-000000000014', 'Fernando Serrano',         'Fernando Serrano', 'PE', 1992),
  ('c1a00002-0000-0000-0000-000000000015', 'Anthony Ormeño',           'Ormeño',           'PE', 1990),
  ('c1a00002-0000-0000-0000-000000000016', 'Hugo Barrientos',          'Barrientos',       'ARG', 1982),
  ('c1a00002-0000-0000-0000-000000000017', 'Joel Herrera',             'Joel Herrera',     'PE', 1985),
  ('c1a00002-0000-0000-0000-000000000018', 'Junior Ross',              'Junior Ross',      'PE', 1991);

INSERT INTO squad_players (season_id, player_id, rating, positions, jersey_number, is_key_player) VALUES
  ('b1000000-0001-0000-0000-000000000002', 'c1a00002-0000-0000-0000-000000000001', 80, ARRAY['GK'],                        1, false),
  ('b1000000-0001-0000-0000-000000000002', 'c1a00002-0000-0000-0000-000000000002', 77, ARRAY['GK'],                        12, false),
  ('b1000000-0001-0000-0000-000000000002', 'c1a00002-0000-0000-0000-000000000003', 79, ARRAY['CB'],                        2, false),
  ('b1000000-0001-0000-0000-000000000002', 'c1a00002-0000-0000-0000-000000000004', 84, ARRAY['LB', 'LM'],                  5, true),
  ('b1000000-0001-0000-0000-000000000002', 'c1a00002-0000-0000-0000-000000000005', 80, ARRAY['CB', 'RB'],                  3, false),
  ('b1000000-0001-0000-0000-000000000002', 'c1a00002-0000-0000-0000-000000000006', 82, ARRAY['RB', 'LM', 'RM'],           4, false),
  ('b1000000-0001-0000-0000-000000000002', 'c1a00002-0000-0000-0000-000000000007', 82, ARRAY['CM', 'CAM'],                 8, true),
  ('b1000000-0001-0000-0000-000000000002', 'c1a00002-0000-0000-0000-000000000008', 81, ARRAY['CM', 'CDM'],                 7, true),
  ('b1000000-0001-0000-0000-000000000002', 'c1a00002-0000-0000-0000-000000000009', 80, ARRAY['CAM', 'CM'],                10, false),
  ('b1000000-0001-0000-0000-000000000002', 'c1a00002-0000-0000-0000-000000000010', 81, ARRAY['LW', 'ST'],                 21, false),
  ('b1000000-0001-0000-0000-000000000002', 'c1a00002-0000-0000-0000-000000000011', 79, ARRAY['ST'],                        9, false),
  ('b1000000-0001-0000-0000-000000000002', 'c1a00002-0000-0000-0000-000000000012', 80, ARRAY['ST', 'CF'],                 11, false),
  ('b1000000-0001-0000-0000-000000000002', 'c1a00002-0000-0000-0000-000000000013', 77, ARRAY['CB'],                       15, false),
  ('b1000000-0001-0000-0000-000000000002', 'c1a00002-0000-0000-0000-000000000014', 76, ARRAY['LB', 'LM'],                 14, false),
  ('b1000000-0001-0000-0000-000000000002', 'c1a00002-0000-0000-0000-000000000015', 78, ARRAY['CM', 'CDM'],                 6, false),
  ('b1000000-0001-0000-0000-000000000002', 'c1a00002-0000-0000-0000-000000000016', 78, ARRAY['CM'],                       16, false),
  ('b1000000-0001-0000-0000-000000000002', 'c1a00002-0000-0000-0000-000000000017', 75, ARRAY['LM', 'LW'],                 17, false),
  ('b1000000-0001-0000-0000-000000000002', 'c1a00002-0000-0000-0000-000000000018', 76, ARRAY['ST', 'RW'],                 18, false);

-- ======= SPORTING CRISTAL 2023 =======

INSERT INTO players (id, name, display_name, nationality, birth_year) VALUES
  ('c1a00003-0000-0000-0000-000000000001', 'Renato Solís',             'Renato Solís',     'PE', 1998),
  ('c1a00003-0000-0000-0000-000000000002', 'Emiliano Vecchio',         'Vecchio',          'ARG', 1988),
  ('c1a00003-0000-0000-0000-000000000003', 'Gianfranco Chávez',        'Gian Chávez',      'PE', 1998),
  ('c1a00003-0000-0000-0000-000000000004', 'Rafael Lutiger',           'Lutiger',          'PE', 1999),
  ('c1a00003-0000-0000-0000-000000000005', 'Ignacio Da Silva',         'Da Silva',         'URU', 1998),
  ('c1a00003-0000-0000-0000-000000000006', 'Jhilmar Lora',             'Lora',             'PE', 2000),
  ('c1a00003-0000-0000-0000-000000000007', 'Jesús Castillo',           'Castillo',         'PE', 2001),
  ('c1a00003-0000-0000-0000-000000000008', 'Martín Távara',            'Távara',           'PE', 2000),
  ('c1a00003-0000-0000-0000-000000000009', 'Leandro Pérez',            'Leandro Pérez',    'PE', 2000),
  ('c1a00003-0000-0000-0000-000000000010', 'Brenner Marlos',           'Brenner',          'BRA', 1994),
  ('c1a00003-0000-0000-0000-000000000011', 'José Espinoza',            'Espinoza',         'PE', 1997),
  ('c1a00003-0000-0000-0000-000000000012', 'Washington Corozo',        'Corozo',           'ECU', 1998),
  ('c1a00003-0000-0000-0000-000000000013', 'Joao Grimaldo',            'Grimaldo',         'PE', 2003),
  ('c1a00003-0000-0000-0000-000000000014', 'Jostin Alarcón',           'Alarcón',          'PE', 2002),
  ('c1a00003-0000-0000-0000-000000000015', 'Diego Soto',               'Diego Soto',       'PE', 2001),
  ('c1a00003-0000-0000-0000-000000000016', 'Bryan Rivas',              'Bryan Rivas',      'PE', 1997),
  ('c1a00003-0000-0000-0000-000000000017', 'Alan Cano',                'Alan Cano',        'PER', 1999),
  ('c1a00003-0000-0000-0000-000000000018', 'Christofer Gonzáles',      'Christofer',       'PE', 1992),
  ('c1a00003-0000-0000-0000-000000000019', 'Alejandro Duarte',          'Duarte',           'PE', 1996);

INSERT INTO squad_players (season_id, player_id, rating, positions, jersey_number, is_key_player) VALUES
  ('b1000000-0001-0000-0000-000000000003', 'c1a00003-0000-0000-0000-000000000001', 78, ARRAY['GK'],                        1, false),
  ('b1000000-0001-0000-0000-000000000003', 'c1a00003-0000-0000-0000-000000000019', 76, ARRAY['GK'],                       21, false),
  ('b1000000-0001-0000-0000-000000000003', 'c1a00003-0000-0000-0000-000000000002', 83, ARRAY['CAM', 'CM'],                 8, true),
  ('b1000000-0001-0000-0000-000000000003', 'c1a00003-0000-0000-0000-000000000003', 79, ARRAY['CB'],                       14, false),
  ('b1000000-0001-0000-0000-000000000003', 'c1a00003-0000-0000-0000-000000000004', 77, ARRAY['CB', 'LB'],                 15, false),
  ('b1000000-0001-0000-0000-000000000003', 'c1a00003-0000-0000-0000-000000000005', 80, ARRAY['CB'],                        4, false),
  ('b1000000-0001-0000-0000-000000000003', 'c1a00003-0000-0000-0000-000000000006', 80, ARRAY['RB'],                       17, false),
  ('b1000000-0001-0000-0000-000000000003', 'c1a00003-0000-0000-0000-000000000007', 79, ARRAY['CDM', 'CM'],                 5, false),
  ('b1000000-0001-0000-0000-000000000003', 'c1a00003-0000-0000-0000-000000000008', 81, ARRAY['CM', 'CAM'],                 6, false),
  ('b1000000-0001-0000-0000-000000000003', 'c1a00003-0000-0000-0000-000000000009', 77, ARRAY['CM', 'LM'],                 11, false),
  ('b1000000-0001-0000-0000-000000000003', 'c1a00003-0000-0000-0000-000000000010', 79, ARRAY['ST'],                        9, false),
  ('b1000000-0001-0000-0000-000000000003', 'c1a00003-0000-0000-0000-000000000011', 76, ARRAY['LM', 'LW'],                 20, false),
  ('b1000000-0001-0000-0000-000000000003', 'c1a00003-0000-0000-0000-000000000012', 78, ARRAY['RW', 'ST'],                 19, false),
  ('b1000000-0001-0000-0000-000000000003', 'c1a00003-0000-0000-0000-000000000013', 80, ARRAY['LW', 'RW'],                 10, false),
  ('b1000000-0001-0000-0000-000000000003', 'c1a00003-0000-0000-0000-000000000014', 77, ARRAY['ST', 'CF'],                 22, false),
  ('b1000000-0001-0000-0000-000000000003', 'c1a00003-0000-0000-0000-000000000015', 76, ARRAY['LB'],                       13, false),
  ('b1000000-0001-0000-0000-000000000003', 'c1a00003-0000-0000-0000-000000000016', 78, ARRAY['RB'],                        2, false),
  ('b1000000-0001-0000-0000-000000000003', 'c1a00003-0000-0000-0000-000000000017', 75, ARRAY['CDM'],                      16, false),
  ('b1000000-0001-0000-0000-000000000003', 'c1a00003-0000-0000-0000-000000000018', 74, ARRAY['CM'],                       23, false);

-- ======= ALIANZA LIMA 1978 =======

INSERT INTO players (id, name, display_name, nationality, birth_year) VALUES
  ('c2a00001-0000-0000-0000-000000000001', 'José Gonzáles Ganoza',     'Ganoza',           'PE', 1954),
  ('c2a00001-0000-0000-0000-000000000002', 'Jaime Duarte',             'Jaime Duarte',     'PE', 1955),
  ('c2a00001-0000-0000-0000-000000000003', 'José Velásquez',           'Velásquez',        'PE', 1952),
  ('c2a00001-0000-0000-0000-000000000004', 'Rafael Rojas',             'Rafael Rojas',     'PE', 1955),
  ('c2a00001-0000-0000-0000-000000000005', 'Santiago Ojeda',           'Ojeda',            'PE', 1954),
  ('c2a00001-0000-0000-0000-000000000006', 'José Navarro',             'José Navarro',     'PE', 1956),
  ('c2a00001-0000-0000-0000-000000000007', 'Hugo Sotil',               'Cholo',            'PE', 1949),
  ('c2a00001-0000-0000-0000-000000000008', 'Teófilo Cubillas',         'Nene',             'PE', 1949),
  ('c2a00001-0000-0000-0000-000000000009', 'Juan Ramón Martínez',      'Juan Ramón',       'PE', 1951),
  ('c2a00001-0000-0000-0000-000000000010', 'César Cueto',              'Cueto',            'PE', 1952),
  ('c2a00001-0000-0000-0000-000000000011', 'Juan Carlos Oblitas',      'Oblitas',          'PE', 1951),
  ('c2a00001-0000-0000-0000-000000000012', 'Gullermo La Rosa',         'La Rosa',          'PE', 1954),
  ('c2a00001-0000-0000-0000-000000000013', 'Eduardo Rey Muñoz',        'Rey Muñoz',        'PE', 1953),
  ('c2a00001-0000-0000-0000-000000000014', 'Víctor Cuba',              'Víctor Cuba',      'PE', 1955),
  ('c2a00001-0000-0000-0000-000000000015', 'Pedro Castillo',           'Castillo',         'PE', 1956),
  ('c2a00001-0000-0000-0000-000000000016', 'Alfredo González',         'Alfredo González', 'PE', 1954),
  ('c2a00001-0000-0000-0000-000000000017', 'Francisco González',       'Pancho González',  'PE', 1953),
  ('c2a00001-0000-0000-0000-000000000018', 'José Lora',                'José Lora',        'PE', 1955);

INSERT INTO squad_players (season_id, player_id, rating, positions, jersey_number, is_key_player) VALUES
  ('b1000000-0002-0000-0000-000000000001', 'c2a00001-0000-0000-0000-000000000001', 85, ARRAY['GK'],          1, true),
  ('b1000000-0002-0000-0000-000000000001', 'c2a00001-0000-0000-0000-000000000002', 83, ARRAY['RB', 'CB'],  2, false),
  ('b1000000-0002-0000-0000-000000000001', 'c2a00001-0000-0000-0000-000000000003', 86, ARRAY['CB', 'CDM'], 3, true),
  ('b1000000-0002-0000-0000-000000000001', 'c2a00001-0000-0000-0000-000000000004', 80, ARRAY['CB'],         4, false),
  ('b1000000-0002-0000-0000-000000000001', 'c2a00001-0000-0000-0000-000000000005', 81, ARRAY['LB', 'CB'],  5, false),
  ('b1000000-0002-0000-0000-000000000001', 'c2a00001-0000-0000-0000-000000000006', 80, ARRAY['CM', 'CDM'], 6, false),
  ('b1000000-0002-0000-0000-000000000001', 'c2a00001-0000-0000-0000-000000000007', 89, ARRAY['LW', 'ST', 'CF'], 7, true),
  ('b1000000-0002-0000-0000-000000000001', 'c2a00001-0000-0000-0000-000000000008', 92, ARRAY['CAM', 'CM'], 8, true),
  ('b1000000-0002-0000-0000-000000000001', 'c2a00001-0000-0000-0000-000000000009', 80, ARRAY['CM'],        9, false),
  ('b1000000-0002-0000-0000-000000000001', 'c2a00001-0000-0000-0000-000000000010', 87, ARRAY['CM', 'CAM'], 10, true),
  ('b1000000-0002-0000-0000-000000000001', 'c2a00001-0000-0000-0000-000000000011', 85, ARRAY['LM', 'LW'], 11, true),
  ('b1000000-0002-0000-0000-000000000001', 'c2a00001-0000-0000-0000-000000000012', 82, ARRAY['ST'],       12, false),
  ('b1000000-0002-0000-0000-000000000001', 'c2a00001-0000-0000-0000-000000000013', 79, ARRAY['GK'],       13, false),
  ('b1000000-0002-0000-0000-000000000001', 'c2a00001-0000-0000-0000-000000000014', 80, ARRAY['RB', 'RM'], 14, false),
  ('b1000000-0002-0000-0000-000000000001', 'c2a00001-0000-0000-0000-000000000015', 78, ARRAY['LB', 'LM'], 15, false),
  ('b1000000-0002-0000-0000-000000000001', 'c2a00001-0000-0000-0000-000000000016', 81, ARRAY['ST', 'CF'], 16, false),
  ('b1000000-0002-0000-0000-000000000001', 'c2a00001-0000-0000-0000-000000000017', 79, ARRAY['CM', 'LM'], 17, false),
  ('b1000000-0002-0000-0000-000000000001', 'c2a00001-0000-0000-0000-000000000018', 78, ARRAY['CB'],       18, false);

-- ======= ALIANZA LIMA 2022 =======

INSERT INTO players (id, name, display_name, nationality, birth_year) VALUES
  ('c2a00002-0000-0000-0000-000000000001', 'Ángelo Campos',            'Ángelo Campos',    'PE', 1993),
  ('c2a00002-0000-0000-0000-000000000002', 'Christian Ramos',          'Ramos',            'PE', 1988),
  ('c2a00002-0000-0000-0000-000000000003', 'Yordi Vílchez',            'Vílchez',          'PE', 1995),
  ('c2a00002-0000-0000-0000-000000000004', 'Ricardo Lagos',            'Lagos',            'PE', 1995),
  ('c2a00002-0000-0000-0000-000000000005', 'Gino Peruzzi',             'Peruzzi',          'PE', 1992),
  ('c2a00002-0000-0000-0000-000000000006', 'José Miguel Luján',        'Luján',            'PE', 1996),
  ('c2a00002-0000-0000-0000-000000000007', 'Josepmir Ballón',          'Ballón',           'PE', 1988),
  ('c2a00002-0000-0000-0000-000000000008', 'Edgar Benítez',            'Benítez',          'PAR', 1988),
  ('c2a00002-0000-0000-0000-000000000009', 'Pablo López',              'Pablo López',      'PE', 1989),
  ('c2a00002-0000-0000-0000-000000000010', 'Jairo Concha',             'Concha',           'PE', 1999),
  ('c2a00002-0000-0000-0000-000000000011', 'Bryan Reyna',              'Reyna',            'PE', 1998),
  ('c2a00002-0000-0000-0000-000000000012', 'Hernán Barcos',            'Barcos',           'ARG', 1984),
  ('c2a00002-0000-0000-0000-000000000013', 'Cristian Benavente',       'Benavente',        'PE', 1994),
  ('c2a00002-0000-0000-0000-000000000014', 'Aldair Rodríguez',         'Aldair',           'PE', 1994),
  ('c2a00002-0000-0000-0000-000000000015', 'Luis Garro',               'Garro',            'PE', 1996),
  ('c2a00002-0000-0000-0000-000000000016', 'Franco Saravia',           'Saravia',          'PE', 1998),
  ('c2a00002-0000-0000-0000-000000000017', 'Arley Rodríguez',          'Arley',            'PE', 1998),
  ('c2a00002-0000-0000-0000-000000000018', 'Kevin Quevedo',            'Quevedo',          'PE', 1997);

INSERT INTO squad_players (season_id, player_id, rating, positions, jersey_number, is_key_player) VALUES
  ('b1000000-0002-0000-0000-000000000002', 'c2a00002-0000-0000-0000-000000000001', 80, ARRAY['GK'],      1, false),
  ('b1000000-0002-0000-0000-000000000002', 'c2a00002-0000-0000-0000-000000000002', 80, ARRAY['CB'],      2, true),
  ('b1000000-0002-0000-0000-000000000002', 'c2a00002-0000-0000-0000-000000000003', 79, ARRAY['CB'],      3, false),
  ('b1000000-0002-0000-0000-000000000002', 'c2a00002-0000-0000-0000-000000000004', 79, ARRAY['LB'],      5, false),
  ('b1000000-0002-0000-0000-000000000002', 'c2a00002-0000-0000-0000-000000000005', 80, ARRAY['RB'],     17, false),
  ('b1000000-0002-0000-0000-000000000002', 'c2a00002-0000-0000-0000-000000000006', 77, ARRAY['CB', 'RB'], 20, false),
  ('b1000000-0002-0000-0000-000000000002', 'c2a00002-0000-0000-0000-000000000007', 82, ARRAY['CDM', 'CM'], 6, true),
  ('b1000000-0002-0000-0000-000000000002', 'c2a00002-0000-0000-0000-000000000008', 81, ARRAY['CM', 'CAM'], 10, false),
  ('b1000000-0002-0000-0000-000000000002', 'c2a00002-0000-0000-0000-000000000009', 78, ARRAY['LM', 'CM'], 7, false),
  ('b1000000-0002-0000-0000-000000000002', 'c2a00002-0000-0000-0000-000000000010', 80, ARRAY['CAM', 'CM'], 16, false),
  ('b1000000-0002-0000-0000-000000000002', 'c2a00002-0000-0000-0000-000000000011', 81, ARRAY['LW', 'ST'], 11, true),
  ('b1000000-0002-0000-0000-000000000002', 'c2a00002-0000-0000-0000-000000000012', 83, ARRAY['ST'],      9, true),
  ('b1000000-0002-0000-0000-000000000002', 'c2a00002-0000-0000-0000-000000000013', 80, ARRAY['CAM', 'LW'], 14, false),
  ('b1000000-0002-0000-0000-000000000002', 'c2a00002-0000-0000-0000-000000000014', 78, ARRAY['ST', 'LW'], 19, false),
  ('b1000000-0002-0000-0000-000000000002', 'c2a00002-0000-0000-0000-000000000015', 77, ARRAY['LB'],     13, false),
  ('b1000000-0002-0000-0000-000000000002', 'c2a00002-0000-0000-0000-000000000016', 77, ARRAY['GK'],     21, false),
  ('b1000000-0002-0000-0000-000000000002', 'c2a00002-0000-0000-0000-000000000017', 79, ARRAY['RW', 'RM'], 18, false),
  ('b1000000-0002-0000-0000-000000000002', 'c2a00002-0000-0000-0000-000000000018', 78, ARRAY['ST', 'RW'], 15, false);

-- ======= UNIVERSITARIO 2009 =======

INSERT INTO players (id, name, display_name, nationality, birth_year) VALUES
  ('c3a00001-0000-0000-0000-000000000001', 'Raúl Fernández',           'Raúl Fernández',   'PE', 1985),
  ('c3a00001-0000-0000-0000-000000000002', 'Carlos Galván',            'Galván',           'ARG', 1973),
  ('c3a00001-0000-0000-0000-000000000003', 'Rodolfo Espinoza',         'Rodolfo',          'ARG', 1979),
  ('c3a00001-0000-0000-0000-000000000004', 'John Galliquio',           'Galliquio',        'PE', 1979),
  ('c3a00001-0000-0000-0000-000000000005', 'Adrián Zela',              'Zela',             'PE', 1988),
  ('c3a00001-0000-0000-0000-000000000006', 'Néstor Duarte',            'Duarte',           'PE', 1990),
  ('c3a00001-0000-0000-0000-000000000007', 'Rainer Torres',            'Rainer',           'PE', 1980),
  ('c3a00001-0000-0000-0000-000000000008', 'Piero Alva',               'Alva',             'PE', 1979),
  ('c3a00001-0000-0000-0000-000000000009', 'Miguel Ángel Torres',      'M. Torres',        'PE', 1982),
  ('c3a00001-0000-0000-0000-000000000010', 'Ángel Romero',             'Romero',           'PAR', 1976),
  ('c3a00001-0000-0000-0000-000000000011', 'Hernán Rengifo',           'Rengifo',          'PE', 1983),
  ('c3a00001-0000-0000-0000-000000000012', 'Johan Rabanal',            'Rabanal',          'PE', 1985),
  ('c3a00001-0000-0000-0000-000000000013', 'Gianfranco Espinoza',      'G. Espinoza',      'PE', 1986),
  ('c3a00001-0000-0000-0000-000000000014', 'José Gálvez',              'Gálvez',           'PE', 1987),
  ('c3a00001-0000-0000-0000-000000000015', 'Donny Neyra',              'Neyra',            'PE', 1982),
  ('c3a00001-0000-0000-0000-000000000016', 'Mayer Candelo',            'Candelo',          'COL', 1978),
  ('c3a00001-0000-0000-0000-000000000017', 'Luis Ramírez',             'L. Ramírez',       'PE', 1984),
  ('c3a00001-0000-0000-0000-000000000018', 'Jesús Rabanal',            'J. Rabanal',       'PE', 1986),
  ('c3a00001-0000-0000-0000-000000000019', 'Carlos Solís',              'C. Solís',         'PE', 1980);

INSERT INTO squad_players (season_id, player_id, rating, positions, jersey_number, is_key_player) VALUES
  ('b1000000-0003-0000-0000-000000000001', 'c3a00001-0000-0000-0000-000000000001', 82, ARRAY['GK'],      1, false),
  ('b1000000-0003-0000-0000-000000000001', 'c3a00001-0000-0000-0000-000000000019', 77, ARRAY['GK'],     12, false),
  ('b1000000-0003-0000-0000-000000000001', 'c3a00001-0000-0000-0000-000000000002', 84, ARRAY['CB'],      2, true),
  ('b1000000-0003-0000-0000-000000000001', 'c3a00001-0000-0000-0000-000000000003', 81, ARRAY['CB'],      3, false),
  ('b1000000-0003-0000-0000-000000000001', 'c3a00001-0000-0000-0000-000000000004', 80, ARRAY['CB', 'CDM'], 4, false),
  ('b1000000-0003-0000-0000-000000000001', 'c3a00001-0000-0000-0000-000000000005', 79, ARRAY['CB', 'LB'], 5, false),
  ('b1000000-0003-0000-0000-000000000001', 'c3a00001-0000-0000-0000-000000000006', 77, ARRAY['CB'],      6, false),
  ('b1000000-0003-0000-0000-000000000001', 'c3a00001-0000-0000-0000-000000000007', 83, ARRAY['CM', 'CDM'], 7, true),
  ('b1000000-0003-0000-0000-000000000001', 'c3a00001-0000-0000-0000-000000000008', 82, ARRAY['CM', 'CAM'], 8, false),
  ('b1000000-0003-0000-0000-000000000001', 'c3a00001-0000-0000-0000-000000000009', 80, ARRAY['CM', 'LM'], 9, false),
  ('b1000000-0003-0000-0000-000000000001', 'c3a00001-0000-0000-0000-000000000010', 85, ARRAY['ST', 'CF'], 10, true),
  ('b1000000-0003-0000-0000-000000000001', 'c3a00001-0000-0000-0000-000000000011', 81, ARRAY['ST'],     11, true),
  ('b1000000-0003-0000-0000-000000000001', 'c3a00001-0000-0000-0000-000000000012', 78, ARRAY['RB', 'CB'], 12, false),
  ('b1000000-0003-0000-0000-000000000001', 'c3a00001-0000-0000-0000-000000000013', 78, ARRAY['LM', 'LW'], 13, false),
  ('b1000000-0003-0000-0000-000000000001', 'c3a00001-0000-0000-0000-000000000014', 77, ARRAY['RB'],     14, false),
  ('b1000000-0003-0000-0000-000000000001', 'c3a00001-0000-0000-0000-000000000015', 79, ARRAY['CM'],     15, false),
  ('b1000000-0003-0000-0000-000000000001', 'c3a00001-0000-0000-0000-000000000016', 83, ARRAY['CAM', 'CM'], 16, true),
  ('b1000000-0003-0000-0000-000000000001', 'c3a00001-0000-0000-0000-000000000017', 77, ARRAY['LB'],     17, false),
  ('b1000000-0003-0000-0000-000000000001', 'c3a00001-0000-0000-0000-000000000018', 79, ARRAY['ST', 'RW'], 18, false);

-- ======= UNIVERSITARIO 2023 =======

INSERT INTO players (id, name, display_name, nationality, birth_year) VALUES
  ('c3a00002-0000-0000-0000-000000000001', 'José Carvallo',            'Carvallo',         'PE', 1986),
  ('c3a00002-0000-0000-0000-000000000002', 'Aldo Corzo',               'Corzo',            'PE', 1989),
  ('c3a00002-0000-0000-0000-000000000003', 'Matías Di Benedetto',      'Di Benedetto',     'ARG', 1992),
  ('c3a00002-0000-0000-0000-000000000004', 'Williams Riveros',         'Riveros',          'PAR', 1992),
  ('c3a00002-0000-0000-0000-000000000005', 'Marco Saravia',            'Saravia',          'PE', 1999),
  ('c3a00002-0000-0000-0000-000000000006', 'José Bolívar',             'Bolívar',          'PE', 2000),
  ('c3a00002-0000-0000-0000-000000000007', 'Rodrigo Ureña',            'Ureña',            'CHI', 1992),
  ('c3a00002-0000-0000-0000-000000000008', 'Nelson Cabanillas',        'Cabanillas',       'PE', 1998),
  ('c3a00002-0000-0000-0000-000000000009', 'Martín Pérez Guedes',      'Pérez Guedes',     'ARG', 1990),
  ('c3a00002-0000-0000-0000-000000000010', 'Andy Polo',                'Polo',             'PE', 1994),
  ('c3a00002-0000-0000-0000-000000000011', 'Alex Valera',              'Valera',           'PE', 1996),
  ('c3a00002-0000-0000-0000-000000000012', 'Emanuel Herrera',          'Herrera',          'ARG', 1986),
  ('c3a00002-0000-0000-0000-000000000013', 'Luis Urruti',              'Urruti',           'URU', 1992),
  ('c3a00002-0000-0000-0000-000000000014', 'Yoshimar Yotún',           'Yotún',            'PE', 1990),
  ('c3a00002-0000-0000-0000-000000000015', 'Piero Quispe',             'Quispe',           'PE', 2001),
  ('c3a00002-0000-0000-0000-000000000016', 'Diego Romero',             'Romero',           'PE', 2001),
  ('c3a00002-0000-0000-0000-000000000017', 'Gerson Barreto',           'Barreto',          'PE', 1995),
  ('c3a00002-0000-0000-0000-000000000018', 'Guillermo Larios',         'Larios',           'PE', 2001);

INSERT INTO squad_players (season_id, player_id, rating, positions, jersey_number, is_key_player) VALUES
  ('b1000000-0003-0000-0000-000000000002', 'c3a00002-0000-0000-0000-000000000001', 80, ARRAY['GK'],        1, false),
  ('b1000000-0003-0000-0000-000000000002', 'c3a00002-0000-0000-0000-000000000002', 80, ARRAY['CB', 'RB'], 2, true),
  ('b1000000-0003-0000-0000-000000000002', 'c3a00002-0000-0000-0000-000000000003', 81, ARRAY['CB'],        3, false),
  ('b1000000-0003-0000-0000-000000000002', 'c3a00002-0000-0000-0000-000000000004', 80, ARRAY['CB'],        6, false),
  ('b1000000-0003-0000-0000-000000000002', 'c3a00002-0000-0000-0000-000000000005', 78, ARRAY['LB', 'CB'], 13, false),
  ('b1000000-0003-0000-0000-000000000002', 'c3a00002-0000-0000-0000-000000000006', 79, ARRAY['LB'],        5, false),
  ('b1000000-0003-0000-0000-000000000002', 'c3a00002-0000-0000-0000-000000000007', 82, ARRAY['CDM', 'CM'], 4, true),
  ('b1000000-0003-0000-0000-000000000002', 'c3a00002-0000-0000-0000-000000000008', 78, ARRAY['LM', 'LW'], 11, false),
  ('b1000000-0003-0000-0000-000000000002', 'c3a00002-0000-0000-0000-000000000009', 80, ARRAY['CAM', 'CM'], 10, false),
  ('b1000000-0003-0000-0000-000000000002', 'c3a00002-0000-0000-0000-000000000010', 80, ARRAY['RW', 'RM'], 12, false),
  ('b1000000-0003-0000-0000-000000000002', 'c3a00002-0000-0000-0000-000000000011', 81, ARRAY['ST'],        9, true),
  ('b1000000-0003-0000-0000-000000000002', 'c3a00002-0000-0000-0000-000000000012', 83, ARRAY['ST', 'CF'], 17, true),
  ('b1000000-0003-0000-0000-000000000002', 'c3a00002-0000-0000-0000-000000000013', 79, ARRAY['ST', 'CF'], 7, false),
  ('b1000000-0003-0000-0000-000000000002', 'c3a00002-0000-0000-0000-000000000014', 83, ARRAY['CM', 'CAM'], 14, true),
  ('b1000000-0003-0000-0000-000000000002', 'c3a00002-0000-0000-0000-000000000015', 81, ARRAY['CM', 'CAM'], 8, false),
  ('b1000000-0003-0000-0000-000000000002', 'c3a00002-0000-0000-0000-000000000016', 77, ARRAY['GK'],       21, false),
  ('b1000000-0003-0000-0000-000000000002', 'c3a00002-0000-0000-0000-000000000017', 78, ARRAY['CM', 'CDM'], 20, false),
  ('b1000000-0003-0000-0000-000000000002', 'c3a00002-0000-0000-0000-000000000018', 76, ARRAY['ST'],       22, false);

-- ======= MELGAR 2022 =======

INSERT INTO players (id, name, display_name, nationality, birth_year) VALUES
  ('c4a00001-0000-0000-0000-000000000001', 'Carlos Cáceda',            'Cáceda',           'PE', 1991),
  ('c4a00001-0000-0000-0000-000000000002', 'Leonardo Mifflin',         'Mifflin',          'PE', 2000),
  ('c4a00001-0000-0000-0000-000000000003', 'Erick Ibarra',             'Ibarra',           'PE', 1999),
  ('c4a00001-0000-0000-0000-000000000004', 'Alec Deneumostier',        'Deneumostier',     'PE', 1999),
  ('c4a00001-0000-0000-0000-000000000005', 'Pedro Cumbrera',           'Cumbrera',         'PE', 1998),
  ('c4a00001-0000-0000-0000-000000000006', 'Paolo Reyna',              'Reyna',            'PE', 2001),
  ('c4a00001-0000-0000-0000-000000000007', 'Horacio Orzán',            'Orzán',            'ARG', 1988),
  ('c4a00001-0000-0000-0000-000000000008', 'Kevin Quevedo',            'Quevedo',          'PE', 1997),
  ('c4a00001-0000-0000-0000-000000000009', 'Kenji Cabrera',            'Cabrera',          'PE', 1999),
  ('c4a00001-0000-0000-0000-000000000010', 'Alexis Arias',             'Arias',            'PE', 1995),
  ('c4a00001-0000-0000-0000-000000000011', 'Luis Iberico',             'Iberico',          'PE', 1998),
  ('c4a00001-0000-0000-0000-000000000012', 'Bernardo Cuesta',          'Cuesta',           'ARG', 1988),
  ('c4a00001-0000-0000-0000-000000000013', 'Luis Lozano',              'Lozano',           'PE', 1999),
  ('c4a00001-0000-0000-0000-000000000014', 'Jhilmar Lora',             'Lora',             'PE', 2000),
  ('c4a00001-0000-0000-0000-000000000015', 'Matías Lazo',              'Lazo',             'PE', 1996),
  ('c4a00001-0000-0000-0000-000000000016', 'Edson Aubert',             'Aubert',           'PE', 1998),
  ('c4a00001-0000-0000-0000-000000000017', 'Pablo Míguez',             'Míguez',           'URU', 1987),
  ('c4a00001-0000-0000-0000-000000000018', 'Martín Pérez',             'Pérez',            'ARG', 1991);

INSERT INTO squad_players (season_id, player_id, rating, positions, jersey_number, is_key_player) VALUES
  ('b1000000-0004-0000-0000-000000000001', 'c4a00001-0000-0000-0000-000000000001', 81, ARRAY['GK'],      1, false),
  ('b1000000-0004-0000-0000-000000000001', 'c4a00001-0000-0000-0000-000000000002', 77, ARRAY['GK'],     12, false),
  ('b1000000-0004-0000-0000-000000000001', 'c4a00001-0000-0000-0000-000000000003', 79, ARRAY['CB'],      2, false),
  ('b1000000-0004-0000-0000-000000000001', 'c4a00001-0000-0000-0000-000000000004', 80, ARRAY['CB'],      3, false),
  ('b1000000-0004-0000-0000-000000000001', 'c4a00001-0000-0000-0000-000000000005', 78, ARRAY['CB', 'LB'], 4, false),
  ('b1000000-0004-0000-0000-000000000001', 'c4a00001-0000-0000-0000-000000000006', 78, ARRAY['LB'],      5, false),
  ('b1000000-0004-0000-0000-000000000001', 'c4a00001-0000-0000-0000-000000000007', 81, ARRAY['CDM', 'CM'], 6, true),
  ('b1000000-0004-0000-0000-000000000001', 'c4a00001-0000-0000-0000-000000000008', 79, ARRAY['ST', 'RW'], 7, false),
  ('b1000000-0004-0000-0000-000000000001', 'c4a00001-0000-0000-0000-000000000009', 78, ARRAY['CM', 'CAM'], 8, false),
  ('b1000000-0004-0000-0000-000000000001', 'c4a00001-0000-0000-0000-000000000010', 80, ARRAY['CM'],      9, false),
  ('b1000000-0004-0000-0000-000000000001', 'c4a00001-0000-0000-0000-000000000011', 79, ARRAY['ST', 'CF'], 10, false),
  ('b1000000-0004-0000-0000-000000000001', 'c4a00001-0000-0000-0000-000000000012', 84, ARRAY['ST'],     11, true),
  ('b1000000-0004-0000-0000-000000000001', 'c4a00001-0000-0000-0000-000000000013', 77, ARRAY['LM', 'LW'], 14, false),
  ('b1000000-0004-0000-0000-000000000001', 'c4a00001-0000-0000-0000-000000000014', 80, ARRAY['RB'],     15, false),
  ('b1000000-0004-0000-0000-000000000001', 'c4a00001-0000-0000-0000-000000000015', 77, ARRAY['CB', 'CDM'], 16, false),
  ('b1000000-0004-0000-0000-000000000001', 'c4a00001-0000-0000-0000-000000000016', 76, ARRAY['LM', 'RM'], 17, false),
  ('b1000000-0004-0000-0000-000000000001', 'c4a00001-0000-0000-0000-000000000017', 79, ARRAY['CB'],     18, false),
  ('b1000000-0004-0000-0000-000000000001', 'c4a00001-0000-0000-0000-000000000018', 77, ARRAY['CM'],     19, false);

-- ======= CIENCIANO 2003 =======

INSERT INTO players (id, name, display_name, nationality, birth_year) VALUES
  ('c5a00001-0000-0000-0000-000000000001', 'Óscar Ibáñez',             'Óscar Ibáñez',     'PE', 1969),
  ('c5a00001-0000-0000-0000-000000000002', 'Santiago Acasiete',        'Acasiete',         'PE', 1977),
  ('c5a00001-0000-0000-0000-000000000003', 'Giuliano Portilla',        'Portilla',         'PE', 1979),
  ('c5a00001-0000-0000-0000-000000000004', 'Juan Carlos Portocarrero', 'Portocarrero',     'PE', 1979),
  ('c5a00001-0000-0000-0000-000000000005', 'Jean Ferrari',             'Ferrari',          'PE', 1979),
  ('c5a00001-0000-0000-0000-000000000006', 'Manuel Olcese',            'Olcese',           'ARG', 1980),
  ('c5a00001-0000-0000-0000-000000000007', 'Carlos Lobatón',           'Lobatón',          'PE', 1980),
  ('c5a00001-0000-0000-0000-000000000008', 'Juan Carlos Bazalar',      'Bazalar',          'PE', 1968),
  ('c5a00001-0000-0000-0000-000000000009', 'César Ccahuantico',        'Ccahuantico',      'PE', 1980),
  ('c5a00001-0000-0000-0000-000000000010', 'Juan Carlos Mostto',       'Mostto',           'PE', 1978),
  ('c5a00001-0000-0000-0000-000000000011', 'Paolo Maldonado',          'Maldonado',        'PE', 1980),
  ('c5a00001-0000-0000-0000-000000000012', 'Hernán Cabanillas',        'Cabanillas',       'PE', 1981),
  ('c5a00001-0000-0000-0000-000000000013', 'Luis Guadalupe',           'Guadalupe',        'PE', 1975),
  ('c5a00001-0000-0000-0000-000000000014', 'Luis Ratto',               'Ratto',            'PE', 1982),
  ('c5a00001-0000-0000-0000-000000000015', 'Alberto Rodríguez',        'Rodríguez',        'PE', 1979),
  ('c5a00001-0000-0000-0000-000000000016', 'Antonio Humberto Serrano', 'Serrano',          'PE', 1978),
  ('c5a00001-0000-0000-0000-000000000017', 'José Vásquez',             'Vásquez',          'PE', 1977),
  ('c5a00001-0000-0000-0000-000000000018', 'José Luis Simón',          'Simón',            'ARG', 1975);

INSERT INTO squad_players (season_id, player_id, rating, positions, jersey_number, is_key_player) VALUES
  ('b1000000-0005-0000-0000-000000000001', 'c5a00001-0000-0000-0000-000000000001', 84, ARRAY['GK'],      1, true),
  ('b1000000-0005-0000-0000-000000000001', 'c5a00001-0000-0000-0000-000000000002', 83, ARRAY['CB'],      2, true),
  ('b1000000-0005-0000-0000-000000000001', 'c5a00001-0000-0000-0000-000000000003', 80, ARRAY['CB', 'RB'], 4, false),
  ('b1000000-0005-0000-0000-000000000001', 'c5a00001-0000-0000-0000-000000000004', 80, ARRAY['LB'],      5, false),
  ('b1000000-0005-0000-0000-000000000001', 'c5a00001-0000-0000-0000-000000000005', 81, ARRAY['CM', 'CDM'], 6, false),
  ('b1000000-0005-0000-0000-000000000001', 'c5a00001-0000-0000-0000-000000000006', 79, ARRAY['CB'],      7, false),
  ('b1000000-0005-0000-0000-000000000001', 'c5a00001-0000-0000-0000-000000000007', 82, ARRAY['CM', 'CAM'], 8, false),
  ('b1000000-0005-0000-0000-000000000001', 'c5a00001-0000-0000-0000-000000000008', 81, ARRAY['CDM', 'CM'], 14, false),
  ('b1000000-0005-0000-0000-000000000001', 'c5a00001-0000-0000-0000-000000000009', 77, ARRAY['LM', 'CM'], 10, false),
  ('b1000000-0005-0000-0000-000000000001', 'c5a00001-0000-0000-0000-000000000010', 80, ARRAY['ST'],      9, false),
  ('b1000000-0005-0000-0000-000000000001', 'c5a00001-0000-0000-0000-000000000011', 79, ARRAY['ST', 'RW'], 11, false),
  ('b1000000-0005-0000-0000-000000000001', 'c5a00001-0000-0000-0000-000000000012', 78, ARRAY['GK'],     12, false),
  ('b1000000-0005-0000-0000-000000000001', 'c5a00001-0000-0000-0000-000000000013', 80, ARRAY['CB'],      3, false),
  ('b1000000-0005-0000-0000-000000000001', 'c5a00001-0000-0000-0000-000000000014', 78, ARRAY['LM', 'RM'], 15, false),
  ('b1000000-0005-0000-0000-000000000001', 'c5a00001-0000-0000-0000-000000000015', 77, ARRAY['ST', 'CF'], 16, false),
  ('b1000000-0005-0000-0000-000000000001', 'c5a00001-0000-0000-0000-000000000016', 76, ARRAY['RB'],     17, false),
  ('b1000000-0005-0000-0000-000000000001', 'c5a00001-0000-0000-0000-000000000017', 77, ARRAY['CM'],     18, false),
  ('b1000000-0005-0000-0000-000000000001', 'c5a00001-0000-0000-0000-000000000018', 78, ARRAY['LB'],     19, false);

-- ======= CIENCIANO 2004 =======

INSERT INTO players (id, name, display_name, nationality, birth_year) VALUES
  ('c5a00002-0000-0000-0000-000000000001', 'Miguel Angel Torres',      'Miguel Torres',    'PE', 1983),
  ('c5a00002-0000-0000-0000-000000000002', 'Carlos Solís',             'Solís',            'PE', 1980),
  ('c5a00002-0000-0000-0000-000000000003', 'José Moisela',             'Moisela',          'PE', 1981),
  ('c5a00002-0000-0000-0000-000000000004', 'César Doy',                'Doy',              'PE', 1979),
  ('c5a00002-0000-0000-0000-000000000005', 'Richard Mendoza',          'Mendoza',          'PE', 1982),
  ('c5a00002-0000-0000-0000-000000000006', 'Mario Gómez',              'Mario Gómez',      'PE', 1980),
  ('c5a00002-0000-0000-0000-000000000007', 'Óscar Villarreal',         'Villarreal',       'PE', 1979),
  ('c5a00002-0000-0000-0000-000000000008', 'Roger Torres',             'Roger Torres',     'PE', 1983),
  ('c5a00002-0000-0000-0000-000000000009', 'Ángel Ojeda',              'Ojeda',            'PE', 1982),
  ('c5a00002-0000-0000-0000-000000000010', 'Erick Sánchez',            'Sánchez',          'PE', 1980),
  ('c5a00002-0000-0000-0000-000000000011', 'José Bustamante',          'Bustamante',       'PE', 1981),
  ('c5a00002-0000-0000-0000-000000000012', 'Carlos Marengo',           'Marengo',          'PE', 1979),
  ('c5a00002-0000-0000-0000-000000000013', 'Daniel Maldonado',         'D. Maldonado',     'PE', 1981),
  ('c5a00002-0000-0000-0000-000000000014', 'Luis Castillo',            'Castillo',         'PE', 1980),
  ('c5a00002-0000-0000-0000-000000000015', 'Manuel Pérez',             'Manuel Pérez',     'PE', 1982),
  ('c5a00002-0000-0000-0000-000000000016', 'Diego Alonso',             'Alonso',           'PE', 1980),
  ('c5a00002-0000-0000-0000-000000000017', 'Ángel Morales',            'Morales',          'PE', 1981),
  ('c5a00002-0000-0000-0000-000000000018', 'Juan Montenegro',          'Montenegro',       'PE', 1983);

INSERT INTO squad_players (season_id, player_id, rating, positions, jersey_number, is_key_player) VALUES
  ('b1000000-0005-0000-0000-000000000002', 'c5a00002-0000-0000-0000-000000000001', 79, ARRAY['GK'],      1, false),
  ('b1000000-0005-0000-0000-000000000002', 'c5a00002-0000-0000-0000-000000000002', 78, ARRAY['GK'],     12, false),
  ('b1000000-0005-0000-0000-000000000002', 'c5a00002-0000-0000-0000-000000000003', 78, ARRAY['CB'],      2, false),
  ('b1000000-0005-0000-0000-000000000002', 'c5a00002-0000-0000-0000-000000000004', 79, ARRAY['CB'],      3, false),
  ('b1000000-0005-0000-0000-000000000002', 'c5a00002-0000-0000-0000-000000000005', 77, ARRAY['CB', 'LB'], 4, false),
  ('b1000000-0005-0000-0000-000000000002', 'c5a00002-0000-0000-0000-000000000006', 77, ARRAY['LB'],      5, false),
  ('b1000000-0005-0000-0000-000000000002', 'c5a00002-0000-0000-0000-000000000007', 79, ARRAY['CM', 'CDM'], 6, false),
  ('b1000000-0005-0000-0000-000000000002', 'c5a00002-0000-0000-0000-000000000008', 80, ARRAY['CM', 'CAM'], 8, false),
  ('b1000000-0005-0000-0000-000000000002', 'c5a00002-0000-0000-0000-000000000009', 78, ARRAY['LM', 'CM'], 7, false),
  ('b1000000-0005-0000-0000-000000000002', 'c5a00002-0000-0000-0000-000000000010', 79, ARRAY['ST', 'CF'], 9, false),
  ('b1000000-0005-0000-0000-000000000002', 'c5a00002-0000-0000-0000-000000000011', 78, ARRAY['ST'],     10, false),
  ('b1000000-0005-0000-0000-000000000002', 'c5a00002-0000-0000-0000-000000000012', 77, ARRAY['CAM', 'CM'], 11, false),
  ('b1000000-0005-0000-0000-000000000002', 'c5a00002-0000-0000-0000-000000000013', 78, ARRAY['ST', 'RW'], 13, false),
  ('b1000000-0005-0000-0000-000000000002', 'c5a00002-0000-0000-0000-000000000014', 76, ARRAY['RB'],     14, false),
  ('b1000000-0005-0000-0000-000000000002', 'c5a00002-0000-0000-0000-000000000015', 77, ARRAY['CM'],     15, false),
  ('b1000000-0005-0000-0000-000000000002', 'c5a00002-0000-0000-0000-000000000016', 76, ARRAY['LM', 'RM'], 16, false),
  ('b1000000-0005-0000-0000-000000000002', 'c5a00002-0000-0000-0000-000000000017', 75, ARRAY['CDM'],    17, false),
  ('b1000000-0005-0000-0000-000000000002', 'c5a00002-0000-0000-0000-000000000018', 77, ARRAY['ST'],     18, false);

-- ======= DEPORTIVO MUNICIPAL 1994 =======

INSERT INTO players (id, name, display_name, nationality, birth_year) VALUES
  ('c6a00001-0000-0000-0000-000000000001', 'Rafael Izarnótegui',       'Izarnótegui',      'PE', 1970),
  ('c6a00001-0000-0000-0000-000000000002', 'Roberto Martínez',         'R. Martínez',      'PE', 1968),
  ('c6a00001-0000-0000-0000-000000000003', 'Ariosto Astudillo',        'Astudillo',        'PE', 1969),
  ('c6a00001-0000-0000-0000-000000000004', 'Jorge Araujo',             'Araujo',           'PE', 1970),
  ('c6a00001-0000-0000-0000-000000000005', 'Víctor Benítez',           'Benítez',          'PE', 1968),
  ('c6a00001-0000-0000-0000-000000000006', 'Luis Alberto ''Cuto'' Guadalupe', 'Cuto',      'PE', 1972),
  ('c6a00001-0000-0000-0000-000000000007', 'José Luis ''Puma'' Carranza', 'Puma',          'PE', 1963),
  ('c6a00001-0000-0000-0000-000000000008', 'Alberto Castillo',         'Castillo',         'PE', 1968),
  ('c6a00001-0000-0000-0000-000000000009', 'Juan Carlos Bazalar',      'Bazalar',          'PE', 1968),
  ('c6a00001-0000-0000-0000-000000000010', 'Teodoro Quiroga',          'Quiroga',          'PE', 1969),
  ('c6a00001-0000-0000-0000-000000000011', 'Víctor ''Pitín'' Salas',     'Salas',            'PE', 1970),
  ('c6a00001-0000-0000-0000-000000000012', 'José Peredo',              'Peredo',           'PE', 1971),
  ('c6a00001-0000-0000-0000-000000000013', 'Mario Rodríguez',          'M. Rodríguez',     'PE', 1969),
  ('c6a00001-0000-0000-0000-000000000014', 'David Chacón',             'Chacón',           'PE', 1970),
  ('c6a00001-0000-0000-0000-000000000015', 'Juan Carlos Ferrando',     'Ferrando',         'PE', 1968),
  ('c6a00001-0000-0000-0000-000000000016', 'Roberto Merino',           'Merino',           'PE', 1972),
  ('c6a00001-0000-0000-0000-000000000017', 'Eduardo Vargas',           'Vargas',           'PE', 1971),
  ('c6a00001-0000-0000-0000-000000000018', 'Walter Silva',             'Silva',            'PE', 1970);

INSERT INTO squad_players (season_id, player_id, rating, positions, jersey_number, is_key_player) VALUES
  ('b1000000-0006-0000-0000-000000000001', 'c6a00001-0000-0000-0000-000000000001', 80, ARRAY['GK'],      1, false),
  ('b1000000-0006-0000-0000-000000000001', 'c6a00001-0000-0000-0000-000000000002', 78, ARRAY['GK'],     12, false),
  ('b1000000-0006-0000-0000-000000000001', 'c6a00001-0000-0000-0000-000000000003', 81, ARRAY['CB'],      2, true),
  ('b1000000-0006-0000-0000-000000000001', 'c6a00001-0000-0000-0000-000000000004', 80, ARRAY['CB', 'LB'], 3, false),
  ('b1000000-0006-0000-0000-000000000001', 'c6a00001-0000-0000-0000-000000000005', 79, ARRAY['RB', 'CB'], 4, false),
  ('b1000000-0006-0000-0000-000000000001', 'c6a00001-0000-0000-0000-000000000006', 82, ARRAY['LB'],      5, false),
  ('b1000000-0006-0000-0000-000000000001', 'c6a00001-0000-0000-0000-000000000007', 85, ARRAY['CDM', 'CM'], 6, true),
  ('b1000000-0006-0000-0000-000000000001', 'c6a00001-0000-0000-0000-000000000008', 80, ARRAY['CM'],      7, false),
  ('b1000000-0006-0000-0000-000000000001', 'c6a00001-0000-0000-0000-000000000009', 81, ARRAY['CDM', 'CM'], 8, false),
  ('b1000000-0006-0000-0000-000000000001', 'c6a00001-0000-0000-0000-000000000010', 79, ARRAY['LM', 'CM'], 9, false),
  ('b1000000-0006-0000-0000-000000000001', 'c6a00001-0000-0000-0000-000000000011', 82, ARRAY['ST'],     10, true),
  ('b1000000-0006-0000-0000-000000000001', 'c6a00001-0000-0000-0000-000000000012', 78, ARRAY['ST', 'CF'], 11, false),
  ('b1000000-0006-0000-0000-000000000001', 'c6a00001-0000-0000-0000-000000000013', 77, ARRAY['CB'],     13, false),
  ('b1000000-0006-0000-0000-000000000001', 'c6a00001-0000-0000-0000-000000000014', 78, ARRAY['RB'],     14, false),
  ('b1000000-0006-0000-0000-000000000001', 'c6a00001-0000-0000-0000-000000000015', 76, ARRAY['LM', 'RM'], 15, false),
  ('b1000000-0006-0000-0000-000000000001', 'c6a00001-0000-0000-0000-000000000016', 77, ARRAY['ST', 'RW'], 16, false),
  ('b1000000-0006-0000-0000-000000000001', 'c6a00001-0000-0000-0000-000000000017', 75, ARRAY['CM'],     17, false),
  ('b1000000-0006-0000-0000-000000000001', 'c6a00001-0000-0000-0000-000000000018', 76, ARRAY['ST'],     18, false);

-- ======= UNIVERSIDAD CÉSAR VALLEJO 2016 =======

INSERT INTO players (id, name, display_name, nationality, birth_year) VALUES
  ('c7a00001-0000-0000-0000-000000000001', 'Pedro Gallese',            'Gallese',          'PE', 1990),
  ('c7a00001-0000-0000-0000-000000000002', 'Jordy Acosta',             'Acosta',           'PE', 1995),
  ('c7a00001-0000-0000-0000-000000000003', 'Koichi Aparicio',          'Aparicio',         'PE', 1993),
  ('c7a00001-0000-0000-0000-000000000004', 'Emiliano Ciucci',          'Ciucci',           'ARG', 1987),
  ('c7a00001-0000-0000-0000-000000000005', 'Diego Morales',            'Morales',          'PE', 1993),
  ('c7a00001-0000-0000-0000-000000000006', 'Víctor Cedrón',            'Cedrón',           'PE', 1993),
  ('c7a00001-0000-0000-0000-000000000007', 'Juan Preciado',            'Preciado',         'PE', 1994),
  ('c7a00001-0000-0000-0000-000000000008', 'Ronald Quinteros',         'Quinteros',        'PE', 1992),
  ('c7a00001-0000-0000-0000-000000000009', 'Maximiliano Giusti',       'Giusti',           'ARG', 1988),
  ('c7a00001-0000-0000-0000-000000000010', 'Carlos Orejuela',          'Orejuela',         'PE', 1993),
  ('c7a00001-0000-0000-0000-000000000011', 'Víctor Peña',              'Peña',             'PE', 1994),
  ('c7a00001-0000-0000-0000-000000000012', 'Andy Pando',               'Pando',            'PE', 1984),
  ('c7a00001-0000-0000-0000-000000000013', 'Junior Ponce',             'Ponce',            'PE', 1995),
  ('c7a00001-0000-0000-0000-000000000014', 'Johnnier Montaño',         'Montaño',          'COL', 1983),
  ('c7a00001-0000-0000-0000-000000000015', 'Christian Mamani',         'Mamani',           'PE', 1994),
  ('c7a00001-0000-0000-0000-000000000016', 'Luis Acuy',                'Acuy',             'PE', 1992),
  ('c7a00001-0000-0000-0000-000000000017', 'Renato Chávez',            'Chávez',           'PE', 1994),
  ('c7a00001-0000-0000-0000-000000000018', 'Hárold Reina',             'Reina',            'COL', 1990);

INSERT INTO squad_players (season_id, player_id, rating, positions, jersey_number, is_key_player) VALUES
  ('b1000000-0007-0000-0000-000000000001', 'c7a00001-0000-0000-0000-000000000001', 85, ARRAY['GK'],      1, true),
  ('b1000000-0007-0000-0000-000000000001', 'c7a00001-0000-0000-0000-000000000002', 78, ARRAY['GK'],     12, false),
  ('b1000000-0007-0000-0000-000000000001', 'c7a00001-0000-0000-0000-000000000003', 80, ARRAY['CB'],      2, false),
  ('b1000000-0007-0000-0000-000000000001', 'c7a00001-0000-0000-0000-000000000004', 82, ARRAY['CB'],      3, true),
  ('b1000000-0007-0000-0000-000000000001', 'c7a00001-0000-0000-0000-000000000005', 79, ARRAY['LB'],      4, false),
  ('b1000000-0007-0000-0000-000000000001', 'c7a00001-0000-0000-0000-000000000006', 80, ARRAY['RB', 'LM'], 5, false),
  ('b1000000-0007-0000-0000-000000000001', 'c7a00001-0000-0000-0000-000000000007', 78, ARRAY['CDM', 'CM'], 6, false),
  ('b1000000-0007-0000-0000-000000000001', 'c7a00001-0000-0000-0000-000000000008', 79, ARRAY['CM'],      7, false),
  ('b1000000-0007-0000-0000-000000000001', 'c7a00001-0000-0000-0000-000000000009', 80, ARRAY['CAM', 'CM'], 8, false),
  ('b1000000-0007-0000-0000-000000000001', 'c7a00001-0000-0000-0000-000000000010', 81, ARRAY['LW', 'ST'], 9, false),
  ('b1000000-0007-0000-0000-000000000001', 'c7a00001-0000-0000-0000-000000000011', 78, ARRAY['ST', 'CF'], 10, false),
  ('b1000000-0007-0000-0000-000000000001', 'c7a00001-0000-0000-0000-000000000012', 82, ARRAY['ST'],     11, true),
  ('b1000000-0007-0000-0000-000000000001', 'c7a00001-0000-0000-0000-000000000013', 77, ARRAY['LM', 'RM'], 13, false),
  ('b1000000-0007-0000-0000-000000000001', 'c7a00001-0000-0000-0000-000000000014', 80, ARRAY['CAM', 'CM'], 14, false),
  ('b1000000-0007-0000-0000-000000000001', 'c7a00001-0000-0000-0000-000000000015', 78, ARRAY['CM', 'CDM'], 15, false),
  ('b1000000-0007-0000-0000-000000000001', 'c7a00001-0000-0000-0000-000000000016', 77, ARRAY['CB'],     16, false),
  ('b1000000-0007-0000-0000-000000000001', 'c7a00001-0000-0000-0000-000000000017', 76, ARRAY['LB'],     17, false),
  ('b1000000-0007-0000-0000-000000000001', 'c7a00001-0000-0000-0000-000000000018', 80, ARRAY['RW', 'ST'], 18, false);
